{"cameraMode":{"drawMode":0,"name":"Shaded","section":"Shading Mode"},"sceneLighting":true,"audioPlay":false,"sceneViewState":{"showFog":true,"showMaterialUpdate":false,"showSkybox":true,"showFlares":true,"showImageEffects":true,"showParticleSystems":true},"in2DMode":false,"pivot":{"x":-19.915027618408204,"y":-4.233041763305664,"z":-0.07800563424825669},"rotation":{"x":0.073507159948349,"y":-0.7088965773582459,"z":0.07471007853746414,"w":0.6974993944168091},"size":35.869842529296878,"orthographic":false}